Official_Name,IS_Latitude,IS_Longitude,Version,Venue,Venue_Latitude,Venue_Longitude,Venue_Category
East Village,40.7308064,-73.9897265,20170223,Shake Shack,40.72999845323382,-73.9896956893842,Burger Joint
East Village,40.7308064,-73.9897265,20170223,Ippudo,40.730948,-73.990287,Ramen Restaurant
East Village,40.7308064,-73.9897265,20170223,Angel’s Share,40.729755,-73.98936,Speakeasy
East Village,40.7308064,-73.9897265,20170223,Switch Playground 12th Street,40.732184325593934,-73.98869947016881,Gym
East Village,40.7308064,-73.9897265,20170223,Fabio Clemente Jiu Jitsu,40.732304345636834,-73.98906861927942,Martial Arts Dojo
East Village,40.7308064,-73.9897265,20170223,Cha-An Teahouse 茶菴,40.72957735653854,-73.9880363272639,Tea Room
East Village,40.7308064,-73.9897265,20170223,Han Dynasty,40.732129826626675,-73.98808954712618,Chinese Restaurant
East Village,40.7308064,-73.9897265,20170223,Turntable Lab,40.73096620388881,-73.98985415697096,Record Shop
East Village,40.7308064,-73.9897265,20170223,Sundaes and Cones,40.73088604297998,-73.98950566583842,Ice Cream Shop
East Village,40.7308064,-73.9897265,20170223,Ise Restaurant,40.729124,-73.989979,Soba Restaurant
East Village,40.7308064,-73.9897265,20170223,Spot Dessert Bar,40.7292404166493,-73.98917184337792,Dessert Shop
East Village,40.7308064,-73.9897265,20170223,Sunrise Mart,40.73014952006944,-73.9894475421091,Grocery Store
East Village,40.7308064,-73.9897265,20170223,Flywheel Sports,40.730068,-73.990167,Cycle Studio
East Village,40.7308064,-73.9897265,20170223,Szechuan Mountain House 川山甲,40.72912320276955,-73.98867184915008,Szechuan Restaurant
East Village,40.7308064,-73.9897265,20170223,Westside Market,40.73185238069749,-73.988596200943,Grocery Store
East Village,40.7308064,-73.9897265,20170223,Yoga to the People,40.72889410039975,-73.98943597663104,Yoga Studio
East Village,40.7308064,-73.9897265,20170223,Gothic Renaissance,40.73254124736957,-73.99000046089078,Clothing Store
East Village,40.7308064,-73.9897265,20170223,The Smith,40.73118513103143,-73.98867222644007,American Restaurant
East Village,40.7308064,-73.9897265,20170223,Hairmates,40.72921210811176,-73.98988902568817,Salon / Barbershop
East Village,40.7308064,-73.9897265,20170223,Hasaki,40.72988823107329,-73.98876092170238,Sushi Restaurant
East Village,40.7308064,-73.9897265,20170223,City of Saints Coffee Roasters,40.73111584661504,-73.99010193096431,Coffee Shop
East Village,40.7308064,-73.9897265,20170223,Kotobuki,40.73103729924171,-73.98886456133741,Japanese Restaurant
East Village,40.7308064,-73.9897265,20170223,The Bao,40.729275,-73.989023,Chinese Restaurant
East Village,40.7308064,-73.9897265,20170223,Yuba,40.73039653582329,-73.99032726854746,Sushi Restaurant
East Village,40.7308064,-73.9897265,20170223,Sake Bar Decibel,40.729416284697756,-73.98774516375057,Sake Bar
East Village,40.7308064,-73.9897265,20170223,Ikinari Steak,40.730936907915996,-73.98967824483152,Japanese Restaurant
East Village,40.7308064,-73.9897265,20170223,Juice Generation,40.73003683564957,-73.99228265453472,Juice Bar
East Village,40.7308064,-73.9897265,20170223,sweetgreen,40.7297944,-73.9922097,Salad Place
East Village,40.7308064,-73.9897265,20170223,Elf Cosmetics HQ,40.72988079657862,-73.99235464508372,Cosmetics Shop
East Village,40.7308064,-73.9897265,20170223,Whiskers Holistic Petcare inc.,40.72939934770886,-73.98764533942693,Pet Store
East Village,40.7308064,-73.9897265,20170223,Flight Club,40.73269778122635,-73.99120353699784,Shoe Store
East Village,40.7308064,-73.9897265,20170223,Mamoun's Falafel,40.72896906112433,-73.98844643727924,Falafel Restaurant
East Village,40.7308064,-73.9897265,20170223,McSorley's Old Ale House,40.72861871885969,-73.98997567195275,Pub
East Village,40.7308064,-73.9897265,20170223,Thaimee Table,40.7322829,-73.9876174,Thai Restaurant
East Village,40.7308064,-73.9897265,20170223,The Library at The Public,40.729103,-73.991635,Cocktail Bar
East Village,40.7308064,-73.9897265,20170223,OUTRO NYC,40.732797457213394,-73.99110841726794,Coffee Shop
Chelsea 7th Ave,40.74191605,-73.9976050243652,20171215,Momoya,40.742687099563646,-73.99661747582282,Sushi Restaurant
Chelsea 7th Ave,40.74191605,-73.9976050243652,20171215,Barry’s Bootcamp,40.74164734518163,-73.99576918937264,Gym
Chelsea 7th Ave,40.74191605,-73.9976050243652,20171215,YOGAMAYA New York,40.74169772133005,-73.99572973472985,Yoga Studio
Chelsea 7th Ave,40.74191605,-73.9976050243652,20171215,Flywheel Sports,40.74123,-73.99981,Cycle Studio
Chelsea 7th Ave,40.74191605,-73.9976050243652,20171215,Rubin Museum of Art,40.74010992418915,-73.99780690670013,Art Museum
Chelsea 7th Ave,40.74191605,-73.9976050243652,20171215,(MALIN+GOETZ) (MALIN+GOETZ),40.742560264200115,-73.996794637566,Cosmetics Shop
Chelsea 7th Ave,40.74191605,-73.9976050243652,20171215,Beer Run NYC,40.74177780539842,-73.9977818320881,Beer Bar
Chelsea 7th Ave,40.74191605,-73.9976050243652,20171215,Westville Chelsea,40.74196304002314,-74.0000471919283,American Restaurant
Chelsea 7th Ave,40.74191605,-73.9976050243652,20171215,Go! Go! Curry!,40.741295408672435,-73.99658313107955,Japanese Curry Restaurant
Chelsea 7th Ave,40.74191605,-73.9976050243652,20171215,City Cakes,40.74199157708896,-74.00008876782016,Cupcake Shop
Chelsea 7th Ave,40.74191605,-73.9976050243652,20171215,Crunch - 19th Street,40.7419262,-73.9985594,Gym / Fitness Center
Chelsea 7th Ave,40.74191605,-73.9976050243652,20171215,New York Live Arts,40.74211775670745,-73.9982682466507,Theater
Chelsea 7th Ave,40.74191605,-73.9976050243652,20171215,Nasty Pig,40.74258699088423,-73.99963419411215,Men's Store
Chelsea 7th Ave,40.74191605,-73.9976050243652,20171215,Purple Passion,40.74252095115456,-73.9976349139269,Miscellaneous Shop
Chelsea 7th Ave,40.74191605,-73.9976050243652,20171215,Mike's Tech Shop,40.74146170175363,-73.99523461946833,Electronics Store
Chelsea 7th Ave,40.74191605,-73.9976050243652,20171215,Sid's Bikes NYC,40.74142693742816,-73.99653523321439,Bike Shop
Chelsea 7th Ave,40.74191605,-73.9976050243652,20171215,FROM THE SOURCE,40.740351761478124,-73.99644434452057,Furniture / Home Store
Chelsea 7th Ave,40.74191605,-73.9976050243652,20171215,F45 Training Flatiron,40.7414905753182,-73.99529464308742,Gym / Fitness Center
Chelsea 7th Ave,40.74191605,-73.9976050243652,20171215,Socarrat Paella Bar,40.7427195,-73.9995153,Paella Restaurant
Chelsea 7th Ave,40.74191605,-73.9976050243652,20171215,Café Grumpy,40.7425727844238,-73.9983901977539,Coffee Shop
Chelsea 7th Ave,40.74191605,-73.9976050243652,20171215,The Works Personal Training Studio,40.74127397883637,-73.99653093206365,Gym
Chelsea 7th Ave,40.74191605,-73.9976050243652,20171215,CSI Rentals,40.7411993,-73.995893,Camera Store
Chelsea 7th Ave,40.74191605,-73.9976050243652,20171215,Wisefish Poké,40.74266187049792,-73.99982201134476,Poke Place
Chelsea 7th Ave,40.74191605,-73.9976050243652,20171215,Antonio Prieto Salon,40.74157348034801,-73.9953442998511,Salon / Barbershop
Chelsea 7th Ave,40.74191605,-73.9976050243652,20171215,Room & Board,40.7415046,-73.9998967,Furniture / Home Store
Chelsea 7th Ave,40.74191605,-73.9976050243652,20171215,Housing Works Thrift Shop,40.740090886047334,-73.99725428858193,Thrift / Vintage Store
Chelsea 7th Ave,40.74191605,-73.9976050243652,20171215,El Cocotero,40.74164080966503,-73.99923789255067,Arepa Restaurant
Chelsea 7th Ave,40.74191605,-73.9976050243652,20171215,Motel Morris,40.74092266904802,-73.9980104517373,American Restaurant
Chelsea 7th Ave,40.74191605,-73.9976050243652,20171215,Cafeteria,40.74064808413495,-73.99817626659636,New American Restaurant
Chelsea 7th Ave,40.74191605,-73.9976050243652,20171215,Iyengar Yoga Institute,40.74312103171785,-73.99529114536165,Yoga Studio
Chelsea 7th Ave,40.74191605,-73.9976050243652,20171215,Visionary Optics,40.74074446808836,-73.99812563939885,Optical Shop
Chelsea 7th Ave,40.74191605,-73.9976050243652,20171215,The Commons Chelsea,40.740851206322446,-73.99803710756665,Coffee Shop
Chelsea 7th Ave,40.74191605,-73.9976050243652,20171215,The Copper Still,40.743341987013416,-73.99626040949043,Whisky Bar
Chelsea 7th Ave,40.74191605,-73.9976050243652,20171215,Authentiques: Past and Present,40.742044324066335,-74.00018803762707,Antique Shop
Chelsea 7th Ave,40.74191605,-73.9976050243652,20171215,Le Zie 2000 Trattoria,40.74241777795118,-73.99681951083087,Italian Restaurant
Chelsea 7th Ave,40.74191605,-73.9976050243652,20171215,Kleinfeld,40.74126771919634,-73.99498634920279,Bridal Shop
Chelsea 7th Ave,40.74191605,-73.9976050243652,20171215,16 Handles,40.74282899094346,-74.00019271956967,Ice Cream Shop
Chelsea 7th Ave,40.74191605,-73.9976050243652,20171215,Royal Class Barbershop,40.74339667,-73.99954667,Health & Beauty Service
Chelsea 7th Ave,40.74191605,-73.9976050243652,20171215,Bar Veloce,40.74253730838774,-73.99682293075573,Wine Bar
Chelsea 7th Ave,40.74191605,-73.9976050243652,20171215,Lazzoni,40.74067129790571,-73.99734266778131,Furniture / Home Store
Chelsea 7th Ave,40.74191605,-73.9976050243652,20171215,Joe Pro Shop,40.742320079393764,-73.99491446073057,Coffee Shop
Chelsea 7th Ave,40.74191605,-73.9976050243652,20171215,Elmo,40.741816708370095,-73.99731570537786,American Restaurant
Chelsea 7th Ave,40.74191605,-73.9976050243652,20171215,D is for Doggy,40.74318893254458,-73.99544734736239,Pet Store
Chelsea 7th Ave,40.74191605,-73.9976050243652,20171215,Le Zie Bar,40.74237726016564,-73.99733944811616,Cocktail Bar
Chelsea 7th Ave,40.74191605,-73.9976050243652,20171215,FIKA Espresso Bar,40.74166051272873,-73.99711489677429,Coffee Shop
Chelsea 7th Ave,40.74191605,-73.9976050243652,20171215,Barneys New York,40.7399782,-73.9982248,Department Store
Chelsea 7th Ave,40.74191605,-73.9976050243652,20171215,New York Aikikai,40.740542287417725,-73.99672735912185,Martial Arts Dojo
Chelsea 7th Ave,40.74191605,-73.9976050243652,20171215,Mantiques Modern,40.74304399405405,-73.99519443939158,Antique Shop
Chelsea 7th Ave,40.74191605,-73.9976050243652,20171215,Freds,40.739945,-73.998263,American Restaurant
Chelsea 7th Ave,40.74191605,-73.9976050243652,20171215,Le Singe Vert,40.74190273285938,-73.99720485201642,French Restaurant
Times Square,40.7606384,-73.99039509999999,20180119,Broadway Dance Center,40.759489759762815,-73.98956180541293,Dance Studio
Times Square,40.7606384,-73.99039509999999,20180119,Birdland,40.7589471379128,-73.98967714566487,Jazz Club
Times Square,40.7606384,-73.99039509999999,20180119,Riu Plaza Times Square Hotel,40.76017910501307,-73.98802929364761,Resort
Times Square,40.7606384,-73.99039509999999,20180119,Amy's Bread,40.76132325675424,-73.99041403035999,Bakery
Times Square,40.7606384,-73.99039509999999,20180119,Gyu-Kaku Japanese BBQ,40.75904160050783,-73.99004327793013,Japanese Restaurant
Times Square,40.7606384,-73.99039509999999,20180119,Schmackary's,40.76007,-73.990815,Bakery
Times Square,40.7606384,-73.99039509999999,20180119,Hold Fast Kitchen and Spirits,40.760678330834196,-73.99025243800233,American Restaurant
Times Square,40.7606384,-73.99039509999999,20180119,City Sandwich,40.760606,-73.99123,Sandwich Place
Times Square,40.7606384,-73.99039509999999,20180119,Frisson Espresso,40.76102513265029,-73.98880987541062,Coffee Shop
Times Square,40.7606384,-73.99039509999999,20180119,Sushi of Gari 46,40.76066563726154,-73.98964465698742,Sushi Restaurant
Times Square,40.7606384,-73.99039509999999,20180119,Kiehl's,40.76138819041039,-73.99011201693156,Cosmetics Shop
Times Square,40.7606384,-73.99039509999999,20180119,Bareburger,40.76061223920833,-73.99032555897071,Burger Joint
Times Square,40.7606384,-73.99039509999999,20180119,Beer Culture,40.75960047129065,-73.98971467943909,Bar
Times Square,40.7606384,-73.99039509999999,20180119,Bird & Branch,40.76023380705023,-73.99092742659005,Coffee Shop
Times Square,40.7606384,-73.99039509999999,20180119,Juice Generation,40.76039852555939,-73.99081694171616,Juice Bar
Times Square,40.7606384,-73.99039509999999,20180119,La Pulperia,40.76087874588321,-73.99039488577063,Latin American Restaurant
Times Square,40.7606384,-73.99039509999999,20180119,5 Napkin Burger,40.760180000000005,-73.9910951312828,Burger Joint
Times Square,40.7606384,-73.99039509999999,20180119,OBAO Hell's Kitchen,40.76056300016482,-73.99108715100483,Thai Restaurant
Times Square,40.7606384,-73.99039509999999,20180119,Domus,40.76007613776004,-73.99239962486234,Gift Shop
Times Square,40.7606384,-73.99039509999999,20180119,Rudy's Bar & Grill,40.7599319591241,-73.99159047097984,Dive Bar
Times Square,40.7606384,-73.99039509999999,20180119,Ninth Avenue Vintner,40.761239932826506,-73.99082243442535,Wine Shop
Times Square,40.7606384,-73.99039509999999,20180119,Orso,40.760219819911505,-73.98890742808942,Italian Restaurant
Times Square,40.7606384,-73.99039509999999,20180119,Vintner Wine Market,40.76145731411216,-73.99065345525742,Wine Shop
Times Square,40.7606384,-73.99039509999999,20180119,B Squared,40.76152563741357,-73.99044653091566,Pizza Place
Times Square,40.7606384,-73.99039509999999,20180119,Wine Escape,40.759914853622604,-73.99219335633057,Wine Bar
Times Square,40.7606384,-73.99039509999999,20180119,Al Hirschfeld Theater,40.75936720701604,-73.98918908100663,Theater
Times Square,40.7606384,-73.99039509999999,20180119,Bar Centrale,40.760194233006665,-73.98890778719762,American Restaurant
Times Square,40.7606384,-73.99039509999999,20180119,Chimichurri Grill,40.759228888558525,-73.9920324585986,Steakhouse
Times Square,40.7606384,-73.99039509999999,20180119,Sake Bar Hagi 46,40.76062666718955,-73.99003949599008,Japanese Restaurant
Times Square,40.7606384,-73.99039509999999,20180119,Samba Kitchen & Bar,40.76084547054624,-73.99089641997587,Brazilian Restaurant
Times Square,40.7606384,-73.99039509999999,20180119,Bettibar,40.76087098491815,-73.99045216533959,Cocktail Bar
Times Square,40.7606384,-73.99039509999999,20180119,Fresh From Hell,40.76103370473634,-73.98881399930823,Juice Bar
Times Square,40.7606384,-73.99039509999999,20180119,Amorino,40.75939621146772,-73.9882007509741,Ice Cream Shop
Times Square,40.7606384,-73.99039509999999,20180119,Room Service,40.7618723877765,-73.9900313912505,Thai Restaurant
Times Square,40.7606384,-73.99039509999999,20180119,Deacon Brodie's Tavern,40.76077712667372,-73.99039887372274,Pub
Times Square,40.7606384,-73.99039509999999,20180119,Dutch Fred's,40.76070039020589,-73.98791378713977,Gastropub
Times Square,40.7606384,-73.99039509999999,20180119,Becco,40.76070062686386,-73.9899572515925,Italian Restaurant
Times Square,40.7606384,-73.99039509999999,20180119,West Vibe Salon + Beauty,40.76179385819139,-73.99271932252522,Spa
Times Square,40.7606384,-73.99039509999999,20180119,Taladwat,40.7627034661374,-73.98946005809121,Thai Restaurant
Times Square,40.7606384,-73.99039509999999,20180119,Joe Allen,40.76026181929603,-73.98898685482035,American Restaurant
Times Square,40.7606384,-73.99039509999999,20180119,Meson Sevilla,40.76044147314877,-73.98959399073964,Spanish Restaurant
Times Square,40.7606384,-73.99039509999999,20180119,InterContinental New York Times Square,40.758635365313474,-73.98978039622307,Hotel
Times Square,40.7606384,-73.99039509999999,20180119,Hell's Kitchen Park & Playground,40.76192972020586,-73.99197745490221,Park
Times Square,40.7606384,-73.99039509999999,20180119,Bea,40.759434,-73.99243,New American Restaurant
Times Square,40.7606384,-73.99039509999999,20180119,Hakkasan,40.758445,-73.990277,Chinese Restaurant
Times Square,40.7606384,-73.99039509999999,20180119,Tim Ho Wan,40.75936042286173,-73.99187086554677,Dim Sum Restaurant
Times Square,40.7606384,-73.99039509999999,20180119,FlashDancers NYC,40.7595,-73.98948,Strip Club
Times Square,40.7606384,-73.99039509999999,20180119,The Westside Theater,40.75935013765587,-73.99276473897154,Indie Theater
Times Square,40.7606384,-73.99039509999999,20180119,Red Poke,40.759032579304254,-73.99199356946293,Poke Place
Times Square,40.7606384,-73.99039509999999,20180119,Pret A Manger,40.75985,-73.987649,Sandwich Place
5th Ave,40.7568718,-73.98042535,20180216,Beyond Bespoke,40.75698,-73.98069,Tailor Shop
5th Ave,40.7568718,-73.98042535,20180216,adidas,40.756221821894776,-73.97909389823302,Sporting Goods Shop
5th Ave,40.7568718,-73.98042535,20180216,Málà Project,40.75685008448552,-73.98085527505972,Szechuan Restaurant
5th Ave,40.7568718,-73.98042535,20180216,Nintendo,40.758086775583344,-73.97936464398356,Video Game Store
5th Ave,40.7568718,-73.98042535,20180216,SEPHORA,40.757054,-73.979118,Cosmetics Shop
5th Ave,40.7568718,-73.98042535,20180216,Swerve Fitness,40.756626438116555,-73.98030720333121,Cycle Studio
5th Ave,40.7568718,-73.98042535,20180216,Sofitel New York,40.75578722233005,-73.98176215591775,Hotel
5th Ave,40.7568718,-73.98042535,20180216,NBA Store,40.75530524423989,-73.97937729490778,Sporting Goods Shop
5th Ave,40.7568718,-73.98042535,20180216,Karen Millen,40.75702876017145,-73.97830302444936,Boutique
5th Ave,40.7568718,-73.98042535,20180216,Gotan,40.75660173346505,-73.98037190833062,Café
5th Ave,40.7568718,-73.98042535,20180216,Sophie's Cuban Cuisine,40.75592705154851,-73.98059774245192,Cuban Restaurant
5th Ave,40.7568718,-73.98042535,20180216,Xi'an Famous Foods,40.75592639448767,-73.98075122395642,Chinese Restaurant
5th Ave,40.7568718,-73.98042535,20180216,by CHLOE.,40.7580629,-73.9788542,Vegetarian / Vegan Restaurant
5th Ave,40.7568718,-73.98042535,20180216,Strip House,40.755298209282735,-73.98068987647997,Steakhouse
5th Ave,40.7568718,-73.98042535,20180216,Park Italian Gourmet,40.75667784618427,-73.98194763998217,Deli / Bodega
5th Ave,40.7568718,-73.98042535,20180216,Harvard Club of New York City,40.755484615334794,-73.98150167104264,Historic Site
5th Ave,40.7568718,-73.98042535,20180216,Ted Baker of London,40.757305595893335,-73.97797832694307,Clothing Store
5th Ave,40.7568718,-73.98042535,20180216,Barnes & Noble,40.755739,-73.978937,Bookstore
5th Ave,40.7568718,-73.98042535,20180216,Chick-fil-A,40.7574254,-73.9819682,Fast Food Restaurant
5th Ave,40.7568718,-73.98042535,20180216,indikitch,40.75768139999999,-73.9818088,Indian Restaurant
5th Ave,40.7568718,-73.98042535,20180216,Tommy Bahama Restaurant,40.755425227515545,-73.9791977405548,Hawaiian Restaurant
5th Ave,40.7568718,-73.98042535,20180216,Ippudo,40.75648,-73.98039,Ramen Restaurant
5th Ave,40.7568718,-73.98042535,20180216,Christie's,40.75887639056866,-73.97960819967275,Art Gallery
5th Ave,40.7568718,-73.98042535,20180216,Ipanema Restaurant,40.756888012308224,-73.98083888623975,Brazilian Restaurant
5th Ave,40.7568718,-73.98042535,20180216,Five Guys,40.758195561553535,-73.97970985854454,Burger Joint
5th Ave,40.7568718,-73.98042535,20180216,Aritzia,40.75755795491585,-73.97795230494226,Women's Store
5th Ave,40.7568718,-73.98042535,20180216,Lantern's Keep,40.75583105009053,-73.98225689622853,Cocktail Bar
5th Ave,40.7568718,-73.98042535,20180216,anastasia brows @ sephora,40.75744738534841,-73.97813450911477,Spa
5th Ave,40.7568718,-73.98042535,20180216,Valerie,40.756245378798916,-73.98148633509516,Cocktail Bar
5th Ave,40.7568718,-73.98042535,20180216,NHL Store NYC,40.75806742611863,-73.98215288489996,Sporting Goods Shop
5th Ave,40.7568718,-73.98042535,20180216,Blue Bottle Coffee,40.758545,-73.978681,Coffee Shop
5th Ave,40.7568718,-73.98042535,20180216,Pret A Manger,40.75826085881,-73.98188074539047,Sandwich Place
5th Ave,40.7568718,-73.98042535,20180216,Marlin Bar at Tommy Bahama,40.75566064486382,-73.97932064048541,Cocktail Bar
5th Ave,40.7568718,-73.98042535,20180216,Ann Taylor,40.757577,-73.9783625,Clothing Store
5th Ave,40.7568718,-73.98042535,20180216,Book Off,40.75641128441061,-73.9815928976681,Bookstore
5th Ave,40.7568718,-73.98042535,20180216,Morton's The Steakhouse,40.7554075,-73.9789116,Steakhouse
5th Ave,40.7568718,-73.98042535,20180216,Ikinari Steak,40.75678509151228,-73.98070229037901,Steakhouse
5th Ave,40.7568718,-73.98042535,20180216,Pret A Manger,40.756712079972004,-73.98202165097709,Sandwich Place
5th Ave,40.7568718,-73.98042535,20180216,Eddie's Shoeshine & Repair,40.75910373555259,-73.98026355969058,Shoe Store
5th Ave,40.7568718,-73.98042535,20180216,Kellari Taverna NY,40.75543603139688,-73.98130808799384,Greek Restaurant
5th Ave,40.7568718,-73.98042535,20180216,Vitae,40.7555884,-73.9785483,American Restaurant
5th Ave,40.7568718,-73.98042535,20180216,Town Optical,40.75530347324288,-73.9790450039969,Optical Shop
5th Ave,40.7568718,-73.98042535,20180216,Sen Sakana,40.755441898587485,-73.98150149497505,Japanese Restaurant
5th Ave,40.7568718,-73.98042535,20180216,Cassa Hotel NY 45th Street,40.756410476282916,-73.98217049570087,Hotel
5th Ave,40.7568718,-73.98042535,20180216,Laura Pels Theatre at the Harold & Miriam Steinberg Center for Theatre,40.75786239343129,-73.98273098017728,Theater
5th Ave,40.7568718,-73.98042535,20180216,"The Algonquin Hotel, Autograph Collection",40.7559927,-73.9823172,Hotel
5th Ave,40.7568718,-73.98042535,20180216,Zenthea Invisalign & Dental,40.756516122966175,-73.97866933566739,Dentist's Office
5th Ave,40.7568718,-73.98042535,20180216,Cambria Suites Times Square,40.756437047171026,-73.98064613342285,Hotel
5th Ave,40.7568718,-73.98042535,20180216,AnTalia,40.75586036850091,-73.98048457028872,Turkish Restaurant
5th Ave,40.7568718,-73.98042535,20180216,H&M,40.757026157087886,-73.97802190622315,Clothing Store
Chelsea 8th Ave,40.7401797,-74.00197209999999,20180223,Ample Hills Creamery,40.74159361678268,-74.00137484794685,Ice Cream Shop
Chelsea 8th Ave,40.7401797,-74.00197209999999,20180223,Integral Yoga Institute New York,40.73845716301498,-74.00152714949196,Yoga Studio
Chelsea 8th Ave,40.7401797,-74.00197209999999,20180223,The Grey Dog - Chelsea,40.740602,-74.000698,Café
Chelsea 8th Ave,40.7401797,-74.00197209999999,20180223,Beasty Feast,40.740398011767184,-74.00386500051657,Pet Store
Chelsea 8th Ave,40.7401797,-74.00197209999999,20180223,Rossopomodoro,40.73858741402491,-74.00225186452364,Pizza Place
Chelsea 8th Ave,40.7401797,-74.00197209999999,20180223,Crispo,40.7392940712403,-74.00175751362264,Italian Restaurant
Chelsea 8th Ave,40.7401797,-74.00197209999999,20180223,Empire Cake,40.74075387324832,-74.0015083960489,Bakery
Chelsea 8th Ave,40.7401797,-74.00197209999999,20180223,juice press,40.73914269475452,-74.00271122566518,Juice Bar
Chelsea 8th Ave,40.7401797,-74.00197209999999,20180223,KGB Espionage Museum,40.739387,-74.001736,History Museum
Chelsea 8th Ave,40.7401797,-74.00197209999999,20180223,Flywheel Sports,40.74123,-73.99981,Cycle Studio
Chelsea 8th Ave,40.7401797,-74.00197209999999,20180223,Terremoto,40.74099893844209,-74.0032050438415,Coffee Shop
Chelsea 8th Ave,40.7401797,-74.00197209999999,20180223,Brick New York,40.74150688612044,-74.0005285681433,Gym / Fitness Center
Chelsea 8th Ave,40.7401797,-74.00197209999999,20180223,Fellow Barber,40.738792,-74.00374,Salon / Barbershop
Chelsea 8th Ave,40.7401797,-74.00197209999999,20180223,Integral Yoga Natural Foods,40.738528150959,-74.00158322719085,Health Food Store
Chelsea 8th Ave,40.7401797,-74.00197209999999,20180223,Jackson Square,40.73908035675414,-74.00291397865857,Park
Chelsea 8th Ave,40.7401797,-74.00197209999999,20180223,Rhemedy By Rhed Therapeutic Massage,40.73847717822632,-74.00174067554168,Massage Studio
Chelsea 8th Ave,40.7401797,-74.00197209999999,20180223,Liquiteria,40.74039407119307,-74.00199476014649,Juice Bar
Chelsea 8th Ave,40.7401797,-74.00197209999999,20180223,Acne Studios,40.738664047146145,-74.00356648157585,Clothing Store
Chelsea 8th Ave,40.7401797,-74.00197209999999,20180223,Coppelia,40.738819,-73.999908,Cuban Restaurant
Chelsea 8th Ave,40.7401797,-74.00197209999999,20180223,Citipups Chelsea,40.74191077696648,-74.00107525038469,Pet Store
Chelsea 8th Ave,40.7401797,-74.00197209999999,20180223,Dirty Bird To Go,40.738789,-74.000643,Fried Chicken Joint
Chelsea 8th Ave,40.7401797,-74.00197209999999,20180223,Coarse NYC,40.73924677683665,-74.00368377240935,New American Restaurant
Chelsea 8th Ave,40.7401797,-74.00197209999999,20180223,Insomnia Cookies,40.74000439332591,-74.00308981191287,Bakery
Chelsea 8th Ave,40.7401797,-74.00197209999999,20180223,Jack’s Wife Freda,40.740896,-74.001431,American Restaurant
Chelsea 8th Ave,40.7401797,-74.00197209999999,20180223,Hot N Juicy Crawfish,40.739412491123126,-74.00155781948531,Cajun / Creole Restaurant
Chelsea 8th Ave,40.7401797,-74.00197209999999,20180223,Paper Source,40.74060292334555,-74.00451389811322,Arts & Crafts Store
Chelsea 8th Ave,40.7401797,-74.00197209999999,20180223,Google Garden Terrace (11th floor),40.74077613496867,-74.00274840190893,Garden
Chelsea 8th Ave,40.7401797,-74.00197209999999,20180223,Soapology,40.73931491832343,-74.00273093021184,Cosmetics Shop
Chelsea 8th Ave,40.7401797,-74.00197209999999,20180223,AR Hair Salon,40.74123364214439,-74.00149346153384,Cosmetics Shop
Chelsea 8th Ave,40.7401797,-74.00197209999999,20180223,Up&Down,40.7395298679447,-74.00195400128207,Nightclub
Chelsea 8th Ave,40.7401797,-74.00197209999999,20180223,Tacos El Idolo,40.739553890363986,-74.00218507108411,Food Truck
Chelsea 8th Ave,40.7401797,-74.00197209999999,20180223,DryBar Meatpacking,40.739430550578774,-74.00399631320943,Health & Beauty Service
Chelsea 8th Ave,40.7401797,-74.00197209999999,20180223,Museum of Illusions,40.7397002,-74.0029843,Museum
Chelsea 8th Ave,40.7401797,-74.00197209999999,20180223,Amorino,40.742200724408804,-74.00068412946325,Ice Cream Shop
Chelsea 8th Ave,40.7401797,-74.00197209999999,20180223,The Donut Pub,40.73867789322298,-73.99983813539093,Donut Shop
Chelsea 8th Ave,40.7401797,-74.00197209999999,20180223,Room & Board,40.7415046,-73.9998967,Furniture / Home Store
Chelsea 8th Ave,40.7401797,-74.00197209999999,20180223,Hao Noodle,40.74097942251985,-74.004335732301,Noodle House
Chelsea 8th Ave,40.7401797,-74.00197209999999,20180223,CK14 - The Crooked Knife,40.739068885935566,-74.00157419507201,Pub
Chelsea 8th Ave,40.7401797,-74.00197209999999,20180223,Sushinao,40.742033,-74.001581,Japanese Restaurant
Chelsea 8th Ave,40.7401797,-74.00197209999999,20180223,Think Coffee,40.739479423087914,-74.00270033729069,Coffee Shop
Chelsea 8th Ave,40.7401797,-74.00197209999999,20180223,A Salt & Battery,40.738369,-74.002016,Fish & Chips Shop
Chelsea 8th Ave,40.7401797,-74.00197209999999,20180223,MCF Rare Wine,40.73854620882069,-74.00184260098133,Wine Shop
Chelsea 8th Ave,40.7401797,-74.00197209999999,20180223,Fabrique Bakery,40.74071741996957,-74.00472226819986,Bakery
Chelsea 8th Ave,40.7401797,-74.00197209999999,20180223,Tea & Sympathy,40.73824785378825,-74.00215255249786,Tea Room
Chelsea 8th Ave,40.7401797,-74.00197209999999,20180223,White Columns,40.738810145305976,-74.00411827142808,Art Gallery
Chelsea 8th Ave,40.7401797,-74.00197209999999,20180223,Bodega Negra,40.741918291869126,-74.00377718708852,Mexican Restaurant
Chelsea 8th Ave,40.7401797,-74.00197209999999,20180223,Marni,40.73955211148381,-74.00448380836032,Women's Store
Chelsea 8th Ave,40.7401797,-74.00197209999999,20180223,Pizza Italia,40.74174507190595,-74.00152934567456,Pizza Place
Chelsea 8th Ave,40.7401797,-74.00197209999999,20180223,Perfect Brows,40.740165681703246,-74.00342947635016,Health & Beauty Service
Chelsea 8th Ave,40.7401797,-74.00197209999999,20180223,BEC,40.74184087652853,-74.0010733096233,Breakfast Spot
Park Ave,40.744893700000006,-73.98261740000001,20180316,Marta,40.74445216108151,-73.98467537536759,Pizza Place
Park Ave,40.744893700000006,-73.98261740000001,20180316,Dover Street Market,40.74409508032035,-73.9817200699406,Boutique
Park Ave,40.744893700000006,-73.98261740000001,20180316,CrossFit Solace,40.74617150115289,-73.9831643795631,Gym / Fitness Center
Park Ave,40.744893700000006,-73.98261740000001,20180316,Vezzo Thin Crust Pizza,40.74450945040423,-73.98117652160661,Pizza Place
Park Ave,40.744893700000006,-73.98261740000001,20180316,Wolfgang's Steakhouse,40.746531281640806,-73.98195293767795,Steakhouse
Park Ave,40.744893700000006,-73.98261740000001,20180316,Caffe Marchio,40.744944723258044,-73.98437007544172,Café
Park Ave,40.744893700000006,-73.98261740000001,20180316,305 Fitness MIDTOWN,40.74679016051969,-73.98288534895833,Gym / Fitness Center
Park Ave,40.744893700000006,-73.98261740000001,20180316,Tone House NOMAD,40.74553806650933,-73.98370324678638,Gym / Fitness Center
Park Ave,40.744893700000006,-73.98261740000001,20180316,Flywheel Sports,40.74391,-73.9839,Cycle Studio
Park Ave,40.744893700000006,-73.98261740000001,20180316,Equinox Corporate Offices,40.745564610626204,-73.98168558340085,Gym
Park Ave,40.744893700000006,-73.98261740000001,20180316,The Marmara Park Avenue,40.7452659606934,-73.9816360473633,Resort
Park Ave,40.744893700000006,-73.98261740000001,20180316,Mondrian Park Avenue,40.74485689895831,-73.98335801719668,Hotel
Park Ave,40.744893700000006,-73.98261740000001,20180316,Blank Slate Coffee + Kitchen,40.745325,-73.984548,Café
Park Ave,40.744893700000006,-73.98261740000001,20180316,New York Design Center,40.745460272300605,-73.98046429491397,Furniture / Home Store
Park Ave,40.744893700000006,-73.98261740000001,20180316,Nonono,40.74533156798918,-73.98498998054566,Japanese Restaurant
Park Ave,40.744893700000006,-73.98261740000001,20180316,Royalton Hotel,40.743951485734556,-73.9839831680475,Hotel
Park Ave,40.744893700000006,-73.98261740000001,20180316,Felix Roasting Co.,40.745006,-73.983129,Coffee Shop
Park Ave,40.744893700000006,-73.98261740000001,20180316,Vini E Fritti,40.74493966883248,-73.98432077847656,Italian Restaurant
Park Ave,40.744893700000006,-73.98261740000001,20180316,The Roger New York,40.74579736995579,-73.98427740094161,Hotel
Park Ave,40.744893700000006,-73.98261740000001,20180316,Equinox Park Avenue,40.746093,-73.98135,Gym
Park Ave,40.744893700000006,-73.98261740000001,20180316,Kalustyan's,40.74283152687895,-73.98226690988776,Gourmet Shop
Park Ave,40.744893700000006,-73.98261740000001,20180316,o ya,40.74296917010594,-73.9831113474651,Japanese Restaurant
Park Ave,40.744893700000006,-73.98261740000001,20180316,Her Name is Han,40.74606102395099,-73.98484169467278,Korean Restaurant
Park Ave,40.744893700000006,-73.98261740000001,20180316,Kame Ramen,40.74433317698108,-73.98338071531747,Ramen Restaurant
Park Ave,40.744893700000006,-73.98261740000001,20180316,Exhale Gramercy,40.74409490288394,-73.98403892922506,Spa
Park Ave,40.744893700000006,-73.98261740000001,20180316,Pulse Laser & Skincare Center,40.74641856376617,-73.98378843958335,Spa
Park Ave,40.744893700000006,-73.98261740000001,20180316,Fields Good Chicken,40.746575739015114,-73.9840673801336,American Restaurant
Park Ave,40.744893700000006,-73.98261740000001,20180316,Atoboy,40.74354483898983,-73.98468418203906,Korean Restaurant
Park Ave,40.744893700000006,-73.98261740000001,20180316,Spreads,40.744658594594114,-73.98309542131112,Sandwich Place
Park Ave,40.744893700000006,-73.98261740000001,20180316,Atomix,40.74430561223837,-73.98294522012793,Korean Restaurant
Park Ave,40.744893700000006,-73.98261740000001,20180316,Wine:30,40.74490969009571,-73.98388860895534,Wine Bar
Park Ave,40.744893700000006,-73.98261740000001,20180316,Take 31,40.746009831640045,-73.98493642787516,Korean Restaurant
Park Ave,40.744893700000006,-73.98261740000001,20180316,ON,40.74504223553368,-73.98502831444235,Korean Restaurant
Park Ave,40.744893700000006,-73.98261740000001,20180316,HGU New York: A New York Hotel,40.746,-73.98333,Hotel
Park Ave,40.744893700000006,-73.98261740000001,20180316,Rose Bakery,40.74400711976223,-73.98168418776008,Café
Park Ave,40.744893700000006,-73.98261740000001,20180316,Oasis Day Spa,40.74609814223831,-73.98196651239414,Spa
Park Ave,40.744893700000006,-73.98261740000001,20180316,Old Print Shop,40.74365800164262,-73.98182992937303,Bookstore
Park Ave,40.744893700000006,-73.98261740000001,20180316,Bagels & Schmear,40.742995663035806,-73.98318802625747,Bagel Shop
Park Ave,40.744893700000006,-73.98261740000001,20180316,Sushi By Bou,40.74628976141458,-73.98329540134505,Sushi Restaurant
Park Ave,40.744893700000006,-73.98261740000001,20180316,Julian Walker Studio,40.74565603567195,-73.98362853073337,Gym / Fitness Center
Park Ave,40.744893700000006,-73.98261740000001,20180316,Open Kitchen,40.74681171478884,-73.98293487467083,Restaurant
Park Ave,40.744893700000006,-73.98261740000001,20180316,Arlo NoMad,40.746123383734165,-73.9850455891602,Hotel
Park Ave,40.744893700000006,-73.98261740000001,20180316,Lost Hours,40.74625696482194,-73.98323045049011,Speakeasy
Park Ave,40.744893700000006,-73.98261740000001,20180316,Hotel 32/32,40.746279010687225,-73.9832345768368,Hotel
Park Ave,40.744893700000006,-73.98261740000001,20180316,JB Prince,40.74552461797865,-73.98355941936727,Food & Drink Shop
Park Ave,40.744893700000006,-73.98261740000001,20180316,Le Pain Quotidien,40.74648885048037,-73.98116648197168,Bakery
Park Ave,40.744893700000006,-73.98261740000001,20180316,Massoni,40.74614063768656,-73.98504355747578,Italian Restaurant
Park Ave,40.744893700000006,-73.98261740000001,20180316,Pret A Manger,40.74610215801135,-73.98206990777314,Sandwich Place
Park Ave,40.744893700000006,-73.98261740000001,20180316,Spice Symphony,40.74465192727096,-73.98101966797432,Indian Restaurant
Park Ave,40.744893700000006,-73.98261740000001,20180316,The Heights,40.74621862746088,-73.98500567047255,Hotel Bar
Broadway,40.76453660000001,-73.9833266,20180504,Broadway Theatre,40.763645106751696,-73.98330370414483,Theater
Broadway,40.76453660000001,-73.9833266,20180504,Feinstein's/54 Below,40.764667524397495,-73.98364473818286,Performing Arts Venue
Broadway,40.76453660000001,-73.9833266,20180504,Karaoke Duet 53,40.76413892248866,-73.9845718167945,Karaoke Bar
Broadway,40.76453660000001,-73.9833266,20180504,Studio 54,40.7639438990542,-73.98398019591049,Theater
Broadway,40.76453660000001,-73.9833266,20180504,Westerly Natural Market,40.7650276,-73.98444049999999,Grocery Store
Broadway,40.76453660000001,-73.9833266,20180504,Ed Sullivan Theater,40.76389395128865,-73.98266006802903,Theater
Broadway,40.76453660000001,-73.9833266,20180504,August Wilson Theatre,40.76311985564257,-73.98449565148093,Theater
Broadway,40.76453660000001,-73.9833266,20180504,DiSO's Italian Sandwich Society,40.76590126211156,-73.98202440761015,Food Truck
Broadway,40.76453660000001,-73.9833266,20180504,Tanner Smiths,40.76448552196337,-73.98165211175073,Cocktail Bar
Broadway,40.76453660000001,-73.9833266,20180504,Yakitori Totto,40.76528403034622,-73.9833500911073,Japanese Restaurant
Broadway,40.76453660000001,-73.9833266,20180504,La Esquina,40.764417353172966,-73.9814402384824,Taco Place
Broadway,40.76453660000001,-73.9833266,20180504,Gallaghers Steakhouse,40.76291113670059,-73.98375655189533,Steakhouse
Broadway,40.76453660000001,-73.9833266,20180504,Neil Simon Theatre,40.763210614716144,-73.9845209325927,Theater
Broadway,40.76453660000001,-73.9833266,20180504,Melt Shop,40.763793816719826,-73.98505709065772,Sandwich Place
Broadway,40.76453660000001,-73.9833266,20180504,Sophie's Cuban Cuisine,40.76594712150215,-73.98335867906229,Cuban Restaurant
Broadway,40.76453660000001,-73.9833266,20180504,Pret A Manger,40.765453476875,-73.98213977609093,Sandwich Place
Broadway,40.76453660000001,-73.9833266,20180504,HOPE Sculpture by Robert Indiana,40.7629730941759,-73.98208404907314,Outdoor Sculpture
Broadway,40.76453660000001,-73.9833266,20180504,Haswell Greens,40.76298494194753,-73.984248025176,Bar
Broadway,40.76453660000001,-73.9833266,20180504,Sonic Yoga,40.76593975498933,-73.98336142215217,Yoga Studio
Broadway,40.76453660000001,-73.9833266,20180504,IndiKitch,40.76583435172985,-73.98343025101494,Indian Restaurant
Broadway,40.76453660000001,-73.9833266,20180504,Red Poke,40.763973974944314,-73.98489207647312,Poke Place
Broadway,40.76453660000001,-73.9833266,20180504,Novotel New York Times Square,40.7626843876624,-73.98379504680634,New American Restaurant
Broadway,40.76453660000001,-73.9833266,20180504,Ground Central Coffee Company,40.76393985012246,-73.98486999230091,Coffee Shop
Broadway,40.76453660000001,-73.9833266,20180504,Basso56,40.76572148170926,-73.9827233924038,Italian Restaurant
Broadway,40.76453660000001,-73.9833266,20180504,Dig Inn,40.763237041713424,-73.98535210863764,Restaurant
Broadway,40.76453660000001,-73.9833266,20180504,Hearst Tower - The Club,40.766356562158606,-73.98312738970158,Gym
Broadway,40.76453660000001,-73.9833266,20180504,Chick-fil-A,40.765006,-73.983829,Fast Food Restaurant
Broadway,40.76453660000001,-73.9833266,20180504,Guantanamera,40.76579044707163,-73.98342871998938,Cuban Restaurant
Broadway,40.76453660000001,-73.9833266,20180504,Courtyard New York Manhattan/Central Park,40.7643586,-73.9827204,Hotel
Broadway,40.76453660000001,-73.9833266,20180504,Molyvos,40.764670715123735,-73.98073728040896,Greek Restaurant
Broadway,40.76453660000001,-73.9833266,20180504,Victor's Café,40.76287423147771,-73.984119272154,Cuban Restaurant
Broadway,40.76453660000001,-73.9833266,20180504,Yankee Doodle Dandy's,40.76507488498625,-73.98245484526635,Food Truck
Broadway,40.76453660000001,-73.9833266,20180504,Champion Pizza,40.766749578578136,-73.98283936874253,Pizza Place
Broadway,40.76453660000001,-73.9833266,20180504,Russian Samovar,40.76324064558513,-73.98471693524058,Russian Restaurant
Broadway,40.76453660000001,-73.9833266,20180504,Spyscape,40.76536359456341,-73.98351768385648,Museum
Broadway,40.76453660000001,-73.9833266,20180504,Donburiya,40.76538023382299,-73.98340045862203,Japanese Restaurant
Broadway,40.76453660000001,-73.9833266,20180504,Victoria's Secret NYHQ,40.76515990811232,-73.98202654494177,Office
Broadway,40.76453660000001,-73.9833266,20180504,Pick A Bagel,40.764185447536164,-73.98462528665533,Bagel Shop
Broadway,40.76453660000001,-73.9833266,20180504,Zankel Hall at Carnegie Hall,40.76500375725871,-73.98043640043468,Concert Hall
Broadway,40.76453660000001,-73.9833266,20180504,Park Central Hotel New York,40.76481,-73.9814,Hotel
Broadway,40.76453660000001,-73.9833266,20180504,Bibble & Sip,40.76290379577729,-73.98533597588539,Coffee Shop
Broadway,40.76453660000001,-73.9833266,20180504,Rupert Jee's Hello Deli,40.763525540573774,-73.98308917734883,Deli / Bodega
Broadway,40.76453660000001,-73.9833266,20180504,American Theatre of Actors - The Beckmann Theatre,40.76524217041027,-73.98525482848922,Movie Theater
Broadway,40.76453660000001,-73.9833266,20180504,Russian Vodka Room,40.76344945379801,-73.98496231071319,Russian Restaurant
Broadway,40.76453660000001,-73.9833266,20180504,Le Pain Quotidien,40.764917034572235,-73.98344099521643,Bakery
Broadway,40.76453660000001,-73.9833266,20180504,Patsy's Italian Restaurant,40.76576339691694,-73.98281550732071,Italian Restaurant
Broadway,40.76453660000001,-73.9833266,20180504,Brasserie Cognac,40.764625316322196,-73.98234999923086,French Restaurant
Broadway,40.76453660000001,-73.9833266,20180504,Miles and Tisch Eyecare,40.76380702470494,-73.98508562904567,Medical Center
Broadway,40.76453660000001,-73.9833266,20180504,Serafina Broadway,40.76452365676969,-73.98236113694176,Italian Restaurant
Broadway,40.76453660000001,-73.9833266,20180504,Bricco Ristorante Italiano,40.76631800321893,-73.98379510377883,Italian Restaurant
Upper West,40.7843033333333,-73.9797676666667,20180706,Orwasher's Bakery,40.78455538760141,-73.9773885919887,Bakery
Upper West,40.7843033333333,-73.9797676666667,20180706,Zabar's,40.784624903925405,-73.97945623311766,Food & Drink Shop
Upper West,40.7843033333333,-73.9797676666667,20180706,Amorino,40.78368236982977,-73.97794864947821,Ice Cream Shop
Upper West,40.7843033333333,-73.9797676666667,20180706,Beer Shop NYC,40.784059782319204,-73.97771881482868,Beer Store
Upper West,40.7843033333333,-73.9797676666667,20180706,Knitty City,40.78339490229496,-73.9789094981628,Arts & Crafts Store
Upper West,40.7843033333333,-73.9797676666667,20180706,Luke's Lobster,40.784146813428826,-73.97765609049912,Seafood Restaurant
Upper West,40.7843033333333,-73.9797676666667,20180706,Caledonia Bar,40.78409048478559,-73.9777126525013,Bar
Upper West,40.7843033333333,-73.9797676666667,20180706,Irving Farm Coffee Roasters,40.78358219999489,-73.97936938995414,Coffee Shop
Upper West,40.7843033333333,-73.9797676666667,20180706,Manhattan Cricket Club,40.78354081529867,-73.97945501203226,Speakeasy
Upper West,40.7843033333333,-73.9797676666667,20180706,Banksy - Upper West Side,40.78364896637176,-73.97962982928297,Street Art
Upper West,40.7843033333333,-73.9797676666667,20180706,Emack and Bolio's Ice Cream,40.78292335812974,-73.9785153718036,Ice Cream Shop
Upper West,40.7843033333333,-73.9797676666667,20180706,Swagat,40.783573082941615,-73.97803042905113,Indian Restaurant
Upper West,40.7843033333333,-73.9797676666667,20180706,Crave Fishbar,40.78421430172268,-73.97758646823992,Restaurant
Upper West,40.7843033333333,-73.9797676666667,20180706,Barnes & Noble,40.78601096689513,-73.97851941352215,Bookstore
Upper West,40.7843033333333,-73.9797676666667,20180706,Grill 212,40.78404223043858,-73.97885000305396,Middle Eastern Restaurant
Upper West,40.7843033333333,-73.9797676666667,20180706,Devachan Salon,40.7835823643202,-73.97937082361439,Health & Beauty Service
Upper West,40.7843033333333,-73.9797676666667,20180706,Town Shop,40.78549,-73.97863,Lingerie Store
Upper West,40.7843033333333,-73.9797676666667,20180706,Van Leeuwen Artisan Ice Cream,40.784809905115246,-73.97716386097585,Ice Cream Shop
Upper West,40.7843033333333,-73.9797676666667,20180706,Sarabeth's West,40.783991183741506,-73.97771267491618,Breakfast Spot
Upper West,40.7843033333333,-73.9797676666667,20180706,Momoya,40.78415118717988,-73.97754414002097,Sushi Restaurant
Upper West,40.7843033333333,-73.9797676666667,20180706,Gazala's,40.78457478389511,-73.97705498431503,Middle Eastern Restaurant
Upper West,40.7843033333333,-73.9797676666667,20180706,Tacombi,40.782514,-73.978539,Mexican Restaurant
Upper West,40.7843033333333,-73.9797676666667,20180706,Bluestone Lane,40.78354929557711,-73.9777198433876,Café
Upper West,40.7843033333333,-73.9797676666667,20180706,Land Thai Kitchen,40.784867513584636,-73.97712178279812,Thai Restaurant
Upper West,40.7843033333333,-73.9797676666667,20180706,Beard Papa's,40.782307,-73.981039,Dessert Shop
Upper West,40.7843033333333,-73.9797676666667,20180706,Peacefood Cafe,40.78516588233606,-73.97706383152412,Vegetarian / Vegan Restaurant
Upper West,40.7843033333333,-73.9797676666667,20180706,Canine Styles,40.784240376329606,-73.979719673461,Pet Store
Upper West,40.7843033333333,-73.9797676666667,20180706,Westsider Rare & Used Books Inc.,40.78484367286875,-73.9792146705409,Used Bookstore
Upper West,40.7843033333333,-73.9797676666667,20180706,Insomnia Cookies,40.783377746750645,-73.97826149997306,Dessert Shop
Upper West,40.7843033333333,-73.9797676666667,20180706,Burke & Wills,40.7835706135138,-73.97948846159886,Australian Restaurant
Upper West,40.7843033333333,-73.9797676666667,20180706,Saravanaa Bhavan,40.783578,-73.97786,South Indian Restaurant
Upper West,40.7843033333333,-73.9797676666667,20180706,DSW Designer Shoe Warehouse,40.7839185,-73.9796114,Shoe Store
Upper West,40.7843033333333,-73.9797676666667,20180706,La Caridad 78,40.78312111950729,-73.98096284557073,Chinese Restaurant
Upper West,40.7843033333333,-73.9797676666667,20180706,Nice Matin,40.783302106913446,-73.97838339603005,French Restaurant
Upper West,40.7843033333333,-73.9797676666667,20180706,Claire's,40.78543844865337,-73.97881347168772,Accessories Store
Upper West,40.7843033333333,-73.9797676666667,20180706,NYLO New York City,40.78220245229583,-73.9802998214264,Hotel
Upper West,40.7843033333333,-73.9797676666667,20180706,Coppola's West,40.783367162563025,-73.97892004253686,Italian Restaurant
Upper West,40.7843033333333,-73.9797676666667,20180706,Made In New York Pizza,40.783857,-73.977491,Pizza Place
Upper West,40.7843033333333,-73.9797676666667,20180706,Eye Q Optometrist,40.7836959,-73.9789338,Optical Shop
Upper West,40.7843033333333,-73.9797676666667,20180706,The Yarn Company,40.78563108569151,-73.97872121059183,Knitting Store
Upper West,40.7843033333333,-73.9797676666667,20180706,St. James Gate Publick House,40.78449568971589,-73.97732893024435,Bar
Upper West,40.7843033333333,-73.9797676666667,20180706,The Great Burrito,40.783303,-73.978143,Burrito Place
Upper West,40.7843033333333,-73.9797676666667,20180706,T-Mobile,40.78277957164606,-73.9810699224472,Mobile Phone Shop
Upper West,40.7843033333333,-73.9797676666667,20180706,Dublin House,40.7836507729336,-73.97941198985926,Dive Bar
Upper West,40.7843033333333,-73.9797676666667,20180706,The Lucerne Hotel,40.7834267,-73.9784952,Hotel
Upper West,40.7843033333333,-73.9797676666667,20180706,Kefi,40.78339720683048,-73.97946311550373,Greek Restaurant
Upper West,40.7843033333333,-73.9797676666667,20180706,(MALIN+GOETZ) (MALIN+GOETZ),40.78497723236624,-73.97703307779362,Cosmetics Shop
Upper West,40.7843033333333,-73.9797676666667,20180706,The Dead Poet,40.78486750677087,-73.97713849349478,Pub
Upper West,40.7843033333333,-73.9797676666667,20180706,Senn Thai Comfort Food,40.78488,-73.976934,Thai Restaurant
Upper West,40.7843033333333,-73.9797676666667,20180706,Hotel Belleclaire,40.78248154265781,-73.98088329902305,Hotel
Lexington Ave,40.77071705,-73.961705564726,20180803,Maison Kayser,40.77131932572194,-73.95959246401709,Bakery
Lexington Ave,40.77071705,-73.961705564726,20180803,Flying Tiger Copenhagen,40.770898319516576,-73.95993055564092,Gift Shop
Lexington Ave,40.77071705,-73.961705564726,20180803,Paper Source,40.77150016132978,-73.9594352363973,Paper / Office Supplies Store
Lexington Ave,40.77071705,-73.961705564726,20180803,Anthropologie,40.76929584181941,-73.96108483574552,Women's Store
Lexington Ave,40.77071705,-73.961705564726,20180803,Structure Personal Fitness,40.770471174428444,-73.96188967243695,Gym / Fitness Center
Lexington Ave,40.77071705,-73.961705564726,20180803,J.G. Melon,40.77105,-73.95931,Burger Joint
Lexington Ave,40.77071705,-73.961705564726,20180803,Oren's Daily Roast,40.769755718510254,-73.96266688394745,Coffee Shop
Lexington Ave,40.77071705,-73.961705564726,20180803,Ikinari Steak,40.770785821220414,-73.96183444012684,Steakhouse
Lexington Ave,40.77071705,-73.961705564726,20180803,Joe the Art of Coffee,40.7720441944042,-73.96080496387015,Coffee Shop
Lexington Ave,40.77071705,-73.961705564726,20180803,T-Bar Steak & Lounge,40.770634172936816,-73.96000318896644,Cocktail Bar
Lexington Ave,40.77071705,-73.961705564726,20180803,Journelle,40.77040141443128,-73.96018265489835,Lingerie Store
Lexington Ave,40.77071705,-73.961705564726,20180803,Candle Cafe,40.771407,-73.959138,Vegetarian / Vegan Restaurant
Lexington Ave,40.77071705,-73.961705564726,20180803,Orsay,40.77242347784402,-73.96069870245756,French Restaurant
Lexington Ave,40.77071705,-73.961705564726,20180803,Mezzaluna Restaurants,40.771352488755774,-73.95968198776245,Italian Restaurant
Lexington Ave,40.77071705,-73.961705564726,20180803,Bella Blu,40.76924898445326,-73.96304867967362,Italian Restaurant
Lexington Ave,40.77071705,-73.961705564726,20180803,State News,40.76949902453885,-73.96080790241002,Toy / Game Store
Lexington Ave,40.77071705,-73.961705564726,20180803,Marymount Manhattan College,40.769232464055726,-73.95965795209456,College Academic Building
Lexington Ave,40.77071705,-73.961705564726,20180803,William Poll,40.77222621199923,-73.96093216542754,American Restaurant
Lexington Ave,40.77071705,-73.961705564726,20180803,Benefit Cosmetics Boutique,40.77134316044097,-73.95917370915419,Cosmetics Shop
Lexington Ave,40.77071705,-73.961705564726,20180803,JOE & THE JUICE,40.77012811319197,-73.96242176135931,Juice Bar
Lexington Ave,40.77071705,-73.961705564726,20180803,Gina La Fornarina,40.77091675653072,-73.96185609862519,Italian Restaurant
Lexington Ave,40.77071705,-73.961705564726,20180803,CYC Fitness,40.768987784829804,-73.9607971294755,Cycle Studio
Lexington Ave,40.77071705,-73.961705564726,20180803,Sette Mezzo,40.769294621465185,-73.96300133834809,Italian Restaurant
Lexington Ave,40.77071705,-73.961705564726,20180803,Papyrus,40.77048829760643,-73.96013349995827,Gift Shop
Lexington Ave,40.77071705,-73.961705564726,20180803,Dallas BBQ,40.7702410370233,-73.96013747566008,BBQ Joint
Lexington Ave,40.77071705,-73.961705564726,20180803,BHLDN,40.769301928228664,-73.96109133471174,Bridal Shop
Lexington Ave,40.77071705,-73.961705564726,20180803,EJ's Luncheonette,40.770459,-73.959843,Diner
Lexington Ave,40.77071705,-73.961705564726,20180803,Mary Arnold Toys,40.77075770691944,-73.96202079113733,Toy / Game Store
Lexington Ave,40.77071705,-73.961705564726,20180803,Creel and Gow,40.76928519433312,-73.96354337590422,Furniture / Home Store
Lexington Ave,40.77071705,-73.961705564726,20180803,Vivolo,40.77173970393248,-73.96137877733145,Italian Restaurant
Lexington Ave,40.77071705,-73.961705564726,20180803,Caffe dei Fiori,40.76940091363795,-73.96288348301228,Italian Restaurant
Lexington Ave,40.77071705,-73.961705564726,20180803,Mariella Pizza,40.7691794105285,-73.96308809479416,Pizza Place
Lexington Ave,40.77071705,-73.961705564726,20180803,Men's Wearhouse,40.76856,-73.96126,Men's Store
Lexington Ave,40.77071705,-73.961705564726,20180803,Corrado Bread & Pastry,40.76909506094851,-73.96323265478566,Bakery
Lexington Ave,40.77071705,-73.961705564726,20180803,Chase Bank,40.77051558994433,-73.96189346909523,Bank
Lexington Ave,40.77071705,-73.961705564726,20180803,Lexington Bar & Books,40.7710495479278,-73.9618280215083,Cocktail Bar
Lexington Ave,40.77071705,-73.961705564726,20180803,Otte Third Avenue,40.7694195984168,-73.96095271926407,Boutique
Lexington Ave,40.77071705,-73.961705564726,20180803,Alex Cafe & Deli,40.77099770588789,-73.9618477718008,Deli / Bodega
Lexington Ave,40.77071705,-73.961705564726,20180803,Brasserie Cognac East,40.769072180142444,-73.96310041829427,French Restaurant
Madison Ave,40.7517813,-73.97933661104541,20181019,MUJI,40.75247095108687,-73.98134887218475,Miscellaneous Shop
Madison Ave,40.7517813,-73.97933661104541,20181019,Nat Sherman Townhouse,40.75328314637699,-73.98035765297013,Smoke Shop
Madison Ave,40.7517813,-73.97933661104541,20181019,Everybody Fights,40.75208707773447,-73.97944973218665,Boxing Gym
Madison Ave,40.7517813,-73.97933661104541,20181019,Joanna Vargas Skin Care,40.753136,-73.980721,Spa
Madison Ave,40.7517813,-73.97933661104541,20181019,Meyers Bageri,40.752476,-73.977518,Sandwich Place
Madison Ave,40.7517813,-73.97933661104541,20181019,Omar's Mediterranean Cuisine,40.750943,-73.98102,Mediterranean Restaurant
Madison Ave,40.7517813,-73.97933661104541,20181019,Alidoro,40.751171895559835,-73.98110662502059,Sandwich Place
Madison Ave,40.7517813,-73.97933661104541,20181019,JOE & THE JUICE,40.75165837660134,-73.98032608389673,Juice Bar
Madison Ave,40.7517813,-73.97933661104541,20181019,The Raines Law Room at The William,40.750487,-73.980146,Speakeasy
Madison Ave,40.7517813,-73.97933661104541,20181019,Dig Inn,40.75128684043439,-73.98038544069297,American Restaurant
Madison Ave,40.7517813,-73.97933661104541,20181019,Andaz 5th Avenue - A Concept By Hyatt,40.75282904501203,-73.98094169367391,Hotel
Madison Ave,40.7517813,-73.97933661104541,20181019,Doughnut Plant,40.75293849681436,-73.97731027958909,Donut Shop
Madison Ave,40.7517813,-73.97933661104541,20181019,Benjamin Steakhouse,40.75183650705145,-73.97901046365405,Steakhouse
Madison Ave,40.7517813,-73.97933661104541,20181019,BCBGMAXAZRIA,40.75231043299551,-73.9813569188118,Women's Store
Madison Ave,40.7517813,-73.97933661104541,20181019,Vanderbilt Tennis Club,40.7522516986295,-73.97747671968195,Tennis Stadium
Madison Ave,40.7517813,-73.97933661104541,20181019,Zuma New York,40.75052689410716,-73.980782390213,Japanese Restaurant
Madison Ave,40.7517813,-73.97933661104541,20181019,Taylor St. Baristas,40.75141927853027,-73.97976770103656,Coffee Shop
Madison Ave,40.7517813,-73.97933661104541,20181019,Blue Bottle Coffee,40.75218,-73.97824,Coffee Shop
Madison Ave,40.7517813,-73.97933661104541,20181019,Grand Central Terminal,40.75267443042928,-73.97697960643174,Train Station
Madison Ave,40.7517813,-73.97933661104541,20181019,New York Public Library Terrace,40.75301665207755,-73.98147986022437,Plaza
Madison Ave,40.7517813,-73.97933661104541,20181019,Café Zaiya,40.752327,-73.980302,Japanese Restaurant
Madison Ave,40.7517813,-73.97933661104541,20181019,Stone Bridge Pizza & Salad,40.752585764935624,-73.98045903500676,Pizza Place
Madison Ave,40.7517813,-73.97933661104541,20181019,Agern,40.75274026914376,-73.97792712370126,Scandinavian Restaurant
Madison Ave,40.7517813,-73.97933661104541,20181019,Noy Skincare,40.75278772163461,-73.97914235272162,Spa
Madison Ave,40.7517813,-73.97933661104541,20181019,Sunrise Mart,40.75261253559183,-73.98071412764527,Gourmet Shop
Madison Ave,40.7517813,-73.97933661104541,20181019,Ease NY,40.75259809537069,-73.98050739684439,Massage Studio
Madison Ave,40.7517813,-73.97933661104541,20181019,Great Northern Food Hall,40.75254533743683,-73.97768331661992,Food Court
Madison Ave,40.7517813,-73.97933661104541,20181019,Bedford & Co.,40.75040323863846,-73.97744945542509,Restaurant
Madison Ave,40.7517813,-73.97933661104541,20181019,The Bar Downstairs and Kitchen,40.752891619188674,-73.98130764411556,Cocktail Bar
Madison Ave,40.7517813,-73.97933661104541,20181019,Grand Central Oyster Bar,40.75230650056164,-73.97776880966447,Seafood Restaurant
Madison Ave,40.7517813,-73.97933661104541,20181019,The William,40.7506733156513,-73.9800774301285,Hotel
Madison Ave,40.7517813,-73.97933661104541,20181019,Shake Shack,40.752700113678515,-73.97709378302513,Burger Joint
Madison Ave,40.7517813,-73.97933661104541,20181019,Fields Good Chicken,40.7513100649949,-73.97959020560604,Restaurant
Madison Ave,40.7517813,-73.97933661104541,20181019,COS,40.75367837580188,-73.98068597476947,Clothing Store
Madison Ave,40.7517813,-73.97933661104541,20181019,Dill & Parsley,40.751760482595444,-73.97933212848565,Mediterranean Restaurant
Madison Ave,40.7517813,-73.97933661104541,20181019,Baked By Melissa,40.751762426902474,-73.97664732307807,Cupcake Shop
Madison Ave,40.7517813,-73.97933661104541,20181019,Juice Generation,40.751412337284314,-73.9765369892121,Juice Bar
Madison Ave,40.7517813,-73.97933661104541,20181019,The Campbell,40.75257126519572,-73.9778274105738,Cocktail Bar
Madison Ave,40.7517813,-73.97933661104541,20181019,The Renwick Hotel,40.75019521536629,-73.97754549980164,Hotel
Madison Ave,40.7517813,-73.97933661104541,20181019,Warby Parker,40.75231,-73.977077,Optical Shop
Madison Ave,40.7517813,-73.97933661104541,20181019,Omusubi Gonbei,40.75092439033842,-73.9769462752827,Japanese Restaurant
Madison Ave,40.7517813,-73.97933661104541,20181019,moonflower spa,40.75266451887547,-73.98077834285962,Spa
Madison Ave,40.7517813,-73.97933661104541,20181019,Chick-fil-A,40.7525889,-73.9792047,Fast Food Restaurant
Madison Ave,40.7517813,-73.97933661104541,20181019,The Bar (Great Northern Food Hall),40.75259751788253,-73.97754827372736,Cocktail Bar
Madison Ave,40.7517813,-73.97933661104541,20181019,Sushi Ginza Onodera,40.752471848211265,-73.98179167129307,Sushi Restaurant
Madison Ave,40.7517813,-73.97933661104541,20181019,Willner Chemists,40.751490943787466,-73.97814323098648,Pharmacy
Madison Ave,40.7517813,-73.97933661104541,20181019,Katagiri,40.75087050808319,-73.9767551161243,Grocery Store
Madison Ave,40.7517813,-73.97933661104541,20181019,Lucille Roberts,40.7524656,-73.9789419,Gym / Fitness Center
Madison Ave,40.7517813,-73.97933661104541,20181019,Gregory's Coffee,40.7516212,-73.9807539,Coffee Shop
Madison Ave,40.7517813,-73.97933661104541,20181019,& Other Stories- Bryant Park,40.753574426119386,-73.98071168934318,Clothing Store
Bleecker St,40.7293546170029,-74.0013773167066,20181129,Comedy Cellar,40.73012988282376,-74.00040218545217,Comedy Club
Bleecker St,40.7293546170029,-74.0013773167066,20181129,Raffetto's,40.728009684676294,-74.0019492857028,Gourmet Shop
Bleecker St,40.7293546170029,-74.0013773167066,20181129,Comedy Cellar at The Village Underground,40.730792222213175,-74.00084635246698,Comedy Club
Bleecker St,40.7293546170029,-74.0013773167066,20181129,Cotenna,40.729014,-74.003539,Italian Restaurant
Bleecker St,40.7293546170029,-74.0013773167066,20181129,sweetgreen,40.72999212563189,-74.00243385198331,Salad Place
Bleecker St,40.7293546170029,-74.0013773167066,20181129,Mermaid Oyster Bar,40.72875734083963,-74.00166557237621,Seafood Restaurant
Bleecker St,40.7293546170029,-74.0013773167066,20181129,Emily West Village,40.729337024893994,-74.00372444988442,Pizza Place
Bleecker St,40.7293546170029,-74.0013773167066,20181129,DomoDomo,40.72800724280729,-74.00168319799626,Sushi Restaurant
Bleecker St,40.7293546170029,-74.0013773167066,20181129,Banter,40.7279592919172,-74.00120508994551,Café
Bleecker St,40.7293546170029,-74.0013773167066,20181129,IFC Center,40.73116744453376,-74.00133865664215,Indie Movie Theater
Bleecker St,40.7293546170029,-74.0013773167066,20181129,Carbone,40.72790327156426,-74.00013635911864,Italian Restaurant
Bleecker St,40.7293546170029,-74.0013773167066,20181129,Dante NYC,40.728847021360245,-74.00162166908986,Italian Restaurant
Bleecker St,40.7293546170029,-74.0013773167066,20181129,The Up & Up,40.729766367308265,-74.00057140516677,Cocktail Bar
Bleecker St,40.7293546170029,-74.0013773167066,20181129,Chow House,40.72906152574308,-74.00084246972851,Chinese Restaurant
Bleecker St,40.7293546170029,-74.0013773167066,20181129,Miss Lily's & Melvin's Juice Box,40.727916,-74.001423,Caribbean Restaurant
Bleecker St,40.7293546170029,-74.0013773167066,20181129,Porto Rico Importing Co.,40.729483331276,-74.00172204973289,Coffee Shop
Bleecker St,40.7293546170029,-74.0013773167066,20181129,Saigon Shack,40.7297605480043,-74.00068533422322,Vietnamese Restaurant
Bleecker St,40.7293546170029,-74.0013773167066,20181129,Sacred Sounds Yoga,40.72863771916715,-74.00011526297406,Yoga Studio
Bleecker St,40.7293546170029,-74.0013773167066,20181129,Joe's Pizza,40.73046111519949,-74.00197226155092,Pizza Place
Bleecker St,40.7293546170029,-74.0013773167066,20181129,Grom,40.730476,-74.00242,Ice Cream Shop
Bleecker St,40.7293546170029,-74.0013773167066,20181129,Molly's Cupcakes,40.7301486447128,-74.00226234539089,Cupcake Shop
Bleecker St,40.7293546170029,-74.0013773167066,20181129,La Lanterna di Vittorio,40.73064081178975,-74.00013663852398,Italian Restaurant
Bleecker St,40.7293546170029,-74.0013773167066,20181129,Popbar,40.73054280131296,-74.0019991993904,Ice Cream Shop
Bleecker St,40.7293546170029,-74.0013773167066,20181129,Carmine Street Beers,40.72994467428766,-74.00372766325108,Beer Store
Bleecker St,40.7293546170029,-74.0013773167066,20181129,Terra Blues,40.72828843382252,-73.99938089456808,Jazz Club
Bleecker St,40.7293546170029,-74.0013773167066,20181129,Creperie NYC,40.72974050102749,-74.00070686260781,Creperie
Bleecker St,40.7293546170029,-74.0013773167066,20181129,Mamoun's Falafel,40.73019855825677,-74.00031685521321,Falafel Restaurant
Bleecker St,40.7293546170029,-74.0013773167066,20181129,Minetta Tavern,40.73004893228044,-74.00064667028238,American Restaurant
Bleecker St,40.7293546170029,-74.0013773167066,20181129,Manousheh,40.72937268195377,-74.00135010480881,Lebanese Restaurant
Bleecker St,40.7293546170029,-74.0013773167066,20181129,Bluestone Lane,40.730008851953066,-74.00285540556075,Café
Bleecker St,40.7293546170029,-74.0013773167066,20181129,Jack's Wife Freda,40.72999878073249,-74.00358362951366,Mediterranean Restaurant
Bleecker St,40.7293546170029,-74.0013773167066,20181129,The Kati Roll Company,40.7295697222648,-74.00086061309852,Indian Restaurant
Bleecker St,40.7293546170029,-74.0013773167066,20181129,Blue Ribbon Downing Street Bar,40.72928930451062,-74.00380570792953,Wine Bar
Bleecker St,40.7293546170029,-74.0013773167066,20181129,La Newyorkina,40.72988661124454,-73.99952545538346,Ice Cream Shop
Bleecker St,40.7293546170029,-74.0013773167066,20181129,Sullivan Street Tea & Spice Company,40.72910705564881,-74.0001872701384,Gourmet Shop
Bleecker St,40.7293546170029,-74.0013773167066,20181129,by CHLOE.,40.72918,-74.00097,Vegetarian / Vegan Restaurant
Bleecker St,40.7293546170029,-74.0013773167066,20181129,Blue Note,40.73083303956708,-74.00080777519076,Jazz Club
Bleecker St,40.7293546170029,-74.0013773167066,20181129,Summers Juice & Coffee,40.72763983514445,-74.00031578572107,Café
Bleecker St,40.7293546170029,-74.0013773167066,20181129,Tomoe Sushi,40.727743080016886,-74.0002670334584,Sushi Restaurant
Bleecker St,40.7293546170029,-74.0013773167066,20181129,Insomnia Cookies,40.72980684639574,-74.00067845269885,Dessert Shop
Bleecker St,40.7293546170029,-74.0013773167066,20181129,THELEwala,40.72972369809264,-74.00073006181881,Indian Restaurant
Bleecker St,40.7293546170029,-74.0013773167066,20181129,Xi’an Famous Foods,40.730940088425115,-74.00164344986142,Chinese Restaurant
Bleecker St,40.7293546170029,-74.0013773167066,20181129,Brigadeiro Bakery,40.727525344443656,-74.00144894439605,Dessert Shop
Bleecker St,40.7293546170029,-74.0013773167066,20181129,12 Chairs,40.72768041318,-74.00261614432705,Middle Eastern Restaurant
Bleecker St,40.7293546170029,-74.0013773167066,20181129,Song' e Napule Pizzeria,40.728044,-74.001814,Italian Restaurant
Bleecker St,40.7293546170029,-74.0013773167066,20181129,Minetta Lane Theatre,40.730492399864666,-74.00132454146991,Theater
Bleecker St,40.7293546170029,-74.0013773167066,20181129,OatMeals,40.730481,-74.000458,Breakfast Spot
Bleecker St,40.7293546170029,-74.0013773167066,20181129,Murray's Cheese,40.73100494148146,-74.00291557226433,Cheese Shop
Bleecker St,40.7293546170029,-74.0013773167066,20181129,Berimbau do Brasil,40.73001947455569,-74.00362614201227,Brazilian Restaurant
Bleecker St,40.7293546170029,-74.0013773167066,20181129,New York Pilates - West Village,40.72772466755815,-74.00118149917556,Pilates Studio
